,BALANCE,BALANCE_FREQUENCY,CASH_ADVANCE,CASH_ADVANCE_FREQUENCY,CASH_ADVANCE_TRX,CREDIT_LIMIT,INSTALLMENTS_PURCHASES,MINIMUM_PAYMENTS,ONEOFF_PURCHASES,ONEOFF_PURCHASES_FREQUENCY,PAYMENTS,PRC_FULL_PAYMENT,PURCHASES,PURCHASES_FREQUENCY,PURCHASES_INSTALLMENTS_FREQUENCY,PURCHASES_TRX,TENURE
0,3619.2891625395655,0.9392182360018508,1917.0981952799632,1204.075076353541,713.3646043498379,2402.8674043438236,0.548744278574734,0.33218470893105045,0.39592754141601116,0.2206518338732067,6.187413234613601,25.416011105969467,9388.387110344764,3664.684393086071,1648.5491389824156,0.139462266543267,11.73623322535863
1,889.9913013352557,0.8571327236024846,616.5793729665774,320.67778467909073,296.18976929902374,514.9315981293979,0.47003860144927534,0.158670281573499,0.3529007380952382,0.1079629272404613,2.295178941141671,10.875036971310259,2882.9375311827844,1008.3058222897075,578.293029573499,0.1570318259390712,11.445726116533569
2,6023.875845999999,0.9626262592592593,24686.086666666666,19699.446296296293,4986.64037037037,3197.501082518518,0.9037036666666667,0.7858025185185185,0.7333332962962963,0.09876540740740741,6.888888888888889,118.22222222222223,16337.037037037035,28670.019697777778,3295.681703074074,0.4636644074074074,11.925925925925926
